experiment,episode_key,time_s,failure_probability,mttf_h,joint_travel_rad,move_time_s
act_standard,demo_000000,29.444142343000003,6.314637741280571e-07,12952.327800060812,4.407038571,10.229460705
act_standard,demo_000001,31.160498219999997,6.719224278709937e-07,12881.978942115884,4.406902442,10.987801171
act_standard,demo_000002,29.578659201,6.374484470391864e-07,12889.342829099884,5.2889789584,9.601573344
act_standard,demo_000003,28.214408505999998,6.15671887408408e-07,12729.724027343906,5.1539298232999995,9.603672064000001
act_standard,demo_000004,29.193905920000002,6.170630699247732e-07,13141.956083996241,5.1322396799000005,9.608430614
act_standard,demo_000005,30.232559527,6.616130637161816e-07,12693.114517633134,4.6570718265,9.380062037
act_standard,demo_000006,26.027104639999997,5.406375226759587e-07,13372.63670128573,5.420411583600001,9.0625851
act_standard,demo_000007,27.013159135000002,5.944024604558697e-07,12623.859357700361,4.6974905051,8.208043721
act_standard,demo_000008,28.059200333999996,6.152341452095387e-07,12668.706067372896,4.645546782299999,8.613984917
act_standard,demo_000009,31.669463687,6.64573366549907e-07,13237.16935229,4.925902516800001,11.177844261999999
act_standard,demo_000010,32.827122199,7.128590743280687e-07,12791.647126097123,4.6528445115,11.047494765
act_standard,demo_000011,28.285605691000004,6.16070231441585e-07,12753.5948961954,4.6828128646,11.238735145000001
act_standard,demo_000012,34.857238912,7.403537047733576e-07,13078.293021926735,4.5213326062000005,11.88986566
act_standard,demo_000013,30.551553134000002,6.597773475735926e-07,12862.73260202386,5.4105780566,10.570633615
act_standard,demo_000014,34.942419879,7.326886395170115e-07,13247.40627430757,5.1028133717,12.74927499
act_standard,demo_000015,27.550902307999998,5.764746187249292e-07,13275.564416005933,5.1760507851,11.073694271
act_standard,demo_000016,33.26613733,7.259534098677819e-07,12728.90394018104,4.772201321899999,10.274713763
act_standard,demo_000017,31.207945011,6.775933821218303e-07,12793.617558859489,5.0917576954,11.757951653000001
act_standard,demo_000018,33.430098084,7.094303213390839e-07,13089.565993186874,4.6314860078999995,10.939864662
act_standard,demo_000019,30.897699586000005,6.638243964839853e-07,12929.15929899326,5.4275465479000005,10.769653037000001
act_standard,demo_000020,34.84445091,7.306670696622141e-07,13246.81358541272,5.2110326322,12.310002028
act_standard,demo_000021,29.884301254,6.296250174809161e-07,13184.342735719547,5.538118706100001,12.267382328
act_standard,demo_000022,32.675759517,7.123773176297734e-07,12741.276756944211,4.4994163911000005,10.957160755
act_standard,demo_000023,28.213792935,6.130668375238916e-07,12783.536343571921,4.7440539053999995,10.583088297
act_standard,demo_000024,33.015166117,7.03029956086776e-07,13044.787236562564,4.6240326203999995,10.88242093
act_standard,demo_000025,30.136539437,6.465151485350275e-07,12948.278357934872,5.4250061267000005,10.662932144000001
act_standard,demo_000026,34.401335317,7.27088445109718e-07,13142.724108025308,5.408052219299999,12.326380902
act_standard,demo_000028,32.949051764000004,7.178339550877519e-07,12750.179743358081,4.7293148778,10.473649815
act_standard,demo_000029,30.376666587000003,6.640390298826956e-07,12707.024163658401,5.265964375499999,11.26325185
act_standard,demo_000030,33.062523428,7.053077029891809e-07,13021.31093475029,4.5404645156,12.428470953
act_standard,demo_000031,29.840932634999998,6.376413159383338e-07,12999.698984841125,5.495808426,10.415678563
act_standard,demo_000032,33.69672833,7.141385584075238e-07,13106.977949708931,5.204361477600001,12.203984066
act_standard,demo_000033,28.90591797,5.963429146145799e-07,13464.432718972635,5.426177815700001,11.483321826000001
act_standard,demo_000034,30.959054608,6.775150904707625e-07,12693.053437907278,4.5352420656,9.617539916
act_standard,demo_000035,28.207980444,6.151392733903889e-07,12737.843172372255,4.860919588100001,10.356382991
act_standard,demo_000036,26.794634470000002,5.784996978149084e-07,12865.955977111284,4.1992699665,12.019490637
act_standard,demo_000037,29.902302827999996,6.446083608400622e-07,12885.641783782065,5.0533592271,11.986767880999999
act_standard,demo_000038,33.157816487,6.956357743554485e-07,13240.405617031196,5.424833781399999,11.434066354
act_standard,demo_000039,27.859287572,5.717200111889397e-07,13535.801400900233,5.3215100782,11.338367366
act_standard,demo_000040,32.752157542999996,7.120472457940934e-07,12776.988042555146,4.546911515500001,9.750842134
act_standard,demo_000041,23.763675807,5.178761268651805e-07,12746.328743269523,4.668516435099999,6.344779753
act_standard,demo_000042,32.604690072,6.924895249360474e-07,13078.688964347793,4.475248281199999,11.603643251
act_standard,demo_000043,30.799066375000002,6.610527848450921e-07,12941.921481120413,5.311644902500001,11.702767751
act_standard,demo_000044,28.848972348,6.122360119529124e-07,13089.071509377265,5.015899161099999,9.363070533
act_standard,demo_000045,27.248205414999997,5.671613644924921e-07,13345.309094806113,5.605523102,10.903266315
act_standard,demo_000046,30.602831094,6.646909042764995e-07,12789.078765257125,4.7108286693000005,8.299964161
act_standard,demo_000047,27.989854549,6.095324622857239e-07,12755.608086413453,4.739135879099999,9.550770023
act_standard,demo_000048,30.452805013,6.469155394421953e-07,13076.065053558956,5.137642570400001,10.92538251
act_standard,demo_000049,25.946907253,5.347653280975305e-07,13477.82245680475,5.477284296600001,9.384597037999999
act_standard,demo_000050,29.180180098,6.37302770939824e-07,12718.605996684822,4.8600256905,12.332555568
act_standard,demo_000051,29.194451192,6.398031215225518e-07,12675.09764760979,4.7624682647,12.374279171
act_standard,demo_000052,28.473329748999998,6.225702909942747e-07,12704.197070853099,4.653284877,11.476895468999999
act_standard,demo_000053,28.397230494,6.264123025608024e-07,12592.532040874208,4.7917901267000005,11.957644456999999
act_standard,demo_000054,29.209092217000002,6.294908131609759e-07,12889.20171683693,4.7956317876000005,11.986510447
act_standard,demo_000055,27.475003687,5.98085487481402e-07,12760.623679692335,4.8540579706,10.388565941
act_standard,demo_000056,28.817098997,6.259228928540104e-07,12788.711211429953,4.820371632500001,11.296909378
act_standard,demo_000057,27.675332327999996,5.941480320678305e-07,12938.845975840604,4.7435675563999995,11.149887409
act_standard,demo_000058,28.725845994,6.301478132722458e-07,12662.74174619724,4.615190513799999,11.402160212
act_standard,demo_000059,31.149136129,6.791001089036835e-07,12741.176995377768,5.0054096899,12.539644517
act_standard,demo_000060,28.090858724999997,6.131255474918337e-07,12726.616656872697,4.830264372099999,10.88123929
act_standard,demo_000061,29.292108241999998,6.413325899062734e-07,12687.167543710912,4.6889565472,11.907722354999999
act_standard,demo_000062,34.967452093,7.5235512268408e-07,12910.36243608609,5.6555537627,13.07954584
act_standard,demo_000063,34.968921131,7.520572657834567e-07,12916.01829271606,5.695548306799999,12.934370113
act_standard,demo_000064,35.017436454,7.547978117531176e-07,12886.976702675314,5.6335117204000005,12.292898325000001
act_standard,demo_000065,32.300863897,6.99551676573859e-07,12826.012949565338,5.6063257886,11.706691771000001
act_standard,demo_000066,31.130191648,6.710083836007987e-07,12886.981081030355,5.2339553938,12.708275601999999
act_standard,demo_000067,31.078228975000002,6.671682395176388e-07,12939.522284939805,5.1697770479,12.659798278999999
act_standard,demo_000068,28.986048574,6.265510181355149e-07,12850.793088282344,5.4704931229,10.24608398
act_standard,demo_000069,30.87541866,6.631490822460659e-07,12932.992552002743,5.1564118295000005,12.883751997
act_standard,demo_000070,33.52028237,7.208329549072062e-07,12917.259019171055,5.3942428245,12.669915969000002
act_standard,demo_000071,34.990592198,7.52024211962287e-07,12924.590680465071,5.648783192700001,12.732520474000001
act_standard,demo_000072,32.750323942,6.888515721759814e-07,13206.486098316047,5.445401216900001,13.097023962
act_standard,demo_000073,31.533845476999993,6.661459016741548e-07,13149.369051416195,5.313951490299999,13.149519699999999
act_standard,demo_000074,30.590940618000005,6.453347184439592e-07,13167.555073012916,5.31021401,12.847873847999999
act_standard,demo_000075,35.047271669,7.23666033431359e-07,13452.817126457325,4.7070890031,17.677820961000002
act_standard,demo_000076,31.179431925,6.576804588470271e-07,13168.933288582499,5.2979289640000005,13.092866388000001
act_standard,demo_000077,32.780774109999996,6.814239276389839e-07,13362.851840342939,5.616359759,12.299238982999999
act_standard,demo_000078,29.37399434,6.145773859383033e-07,13276.505629179648,5.563210823900001,9.872259117
act_standard,demo_000079,32.494437266999995,6.799954178428299e-07,13273.955603194292,6.1028707100999995,12.579947771
act_standard,demo_000080,32.37344478,6.78739073842257e-07,13249.008959783507,5.3715817144,13.413781013000001
act_standard,demo_000081,31.148528046,6.610523959787311e-07,13088.774428955028,5.4755882184,12.418871062
act_standard,demo_000082,33.9621614,7.248004298512717e-07,13015.900399756016,4.320719648200001,12.466000786
act_standard,demo_000083,33.545914429,7.233046587439986e-07,12882.961545281674,4.4278495142,11.903113539
act_standard,demo_000084,33.518504439,7.228479088512557e-07,12880.568797009186,4.4152931287,11.760987468
act_standard,demo_000085,33.186466689,7.16437131868714e-07,12867.08794480198,4.6079483552000005,10.968624769
act_standard,demo_000086,33.428717354,7.179496201338571e-07,12933.708870577353,4.4666965068,12.456947814000001
act_standard,demo_000087,32.494723499,6.923389289634145e-07,13037.413429326893,4.4513940847,13.91330942
act_standard,demo_000088,32.115731085,6.851677241900267e-07,13020.21813197902,4.6263575118,13.243463228000001
act_standard,demo_000089,32.991111278,7.05056009788751e-07,12997.824439517217,4.544851542399999,14.201511293000001
act_standard,demo_000090,32.368814413,6.907228802062472e-07,13017.281433983962,4.510493795000001,14.175647343000001
act_standard,demo_000091,31.929380306,6.844633598223196e-07,12957.989667583513,4.3887367398,13.080091723
act_standard,demo_000092,35.006723922,7.317634873059591e-07,13288.563723049527,4.947804477000001,14.348634373000001
act_standard,demo_000093,34.992176457,7.329544670535373e-07,13261.458457149398,5.013244085900001,15.070764072000001
act_standard,demo_000094,35.004015515999996,7.364662258142978e-07,13202.68812249005,5.360881858400001,13.874471055
act_standard,demo_000095,35.059636710999996,7.343621949757719e-07,13261.552290140997,5.608032611499999,16.863085691000002
act_standard,demo_000096,33.223710972,7.183860392314597e-07,12846.582029641035,4.1830573292,12.021751783000001
act_standard,demo_000097,31.458862021,6.801173079577995e-07,12848.620696405944,4.268730157599999,11.623112563
act_standard,demo_000098,33.036551333,7.168071284639036e-07,12802.350913935217,4.5487034039,11.544750745
act_standard,demo_000099,33.055577932,7.176852987071637e-07,12794.050001802301,4.5023810851,11.549788537
pi05_standard,demo_000000,27.025792977000002,5.541784649488023e-07,13546.472265810095,4.4886155502000005,7.053605063
pi05_standard,demo_000001,22.465530493000003,4.6851668308707996e-07,13319.533191364215,5.1011503155,7.053965764
pi05_standard,demo_000002,22.776917031,5.010020855727798e-07,12628.529503621592,4.437477220899999,6.064949661
pi05_standard,demo_000003,24.887107348,5.338833931513246e-07,12948.676702605182,4.8970219817,8.206044163
pi05_standard,demo_000004,27.254930516,5.855587646879159e-07,12929.209381266246,4.8995566327,8.375949853
pi05_standard,demo_000005,24.408569089000004,5.19070990132181e-07,13062.09808358844,5.4896853061,9.583310431000001
pi05_standard,demo_000006,23.897685285,5.110820094034582e-07,12988.60874055454,4.3699320809,5.6856537220000005
pi05_standard,demo_000007,22.559297677,4.783791332798952e-07,13099.38007002438,4.981631611500001,6.415243949000001
pi05_standard,demo_000008,25.466406943,5.296696937936056e-07,13355.493295318578,4.5510496661,8.741193847
pi05_standard,demo_000009,23.13331746,4.92434046268831e-07,13049.30067207747,4.8972944314,6.601500627
pi05_standard,demo_000010,25.832102168,5.59862485571977e-07,12816.68591152268,5.0297315486,7.0006584179999995
pi05_standard,demo_000011,27.904215886000003,5.792046333189683e-07,13382.435553605259,5.561543726000001,14.058299884
pi05_standard,demo_000012,23.358676758,5.004884659771039e-07,12964.374176400515,4.1484885721,6.044263412
pi05_standard,demo_000013,22.822172583,4.933744324631818e-07,12849.24872673434,4.8549459215,7.215263141
pi05_standard,demo_000014,25.039757349,5.262342925297795e-07,13217.470666559768,4.4513197229,7.963869496
pi05_standard,demo_000015,24.662258248999997,5.226895861891561e-07,13106.489285696694,4.919578264299999,7.673331338
pi05_standard,demo_000016,26.174857291000002,5.420428236184828e-07,13413.6850792918,4.944106466200001,8.208833844
pi05_standard,demo_000017,24.286753641,4.952544813811424e-07,13621.92350901437,5.3108783724,8.066803347
pi05_standard,demo_000018,24.155518558,5.19854217233823e-07,12907.205126320076,4.2220226818,5.255278785
pi05_standard,demo_000019,22.721892135,4.819487932600151e-07,13096.0702445508,4.7130478326,5.822264297
pi05_standard,demo_000020,25.280781515,5.458148114398099e-07,12865.970549003505,4.614364763899999,8.34418464
pi05_standard,demo_000021,24.875825062,5.355795737114958e-07,12901.816648047892,5.017222413,8.675449137
pi05_standard,demo_000022,28.976165066000004,6.198948046543567e-07,12984.351827796834,5.047430629499999,9.834398719
pi05_standard,demo_000023,24.317780975,5.109659425402406e-07,13219.936511651662,5.4465480188,8.055685281
pi05_standard,demo_000024,26.916027835,5.505406124661177e-07,13580.601936170187,4.401853883200001,5.517376391
pi05_standard,demo_000025,21.521727191999997,4.632242345803029e-07,12905.750048006097,4.7855040858999995,5.677184097
pi05_standard,demo_000026,24.74817922,5.322040656901801e-07,12917.02352868695,4.5138438736,6.841210842000001
pi05_standard,demo_000027,25.749873958,5.434412453525974e-07,13161.93955969767,4.945108352,5.827198018
pi05_standard,demo_000028,24.629357314,5.35342287521633e-07,12779.64802252106,4.8971720987000005,7.803648651
pi05_standard,demo_000029,26.656706731,5.696221462253988e-07,12999.212665419696,5.4451122029,12.160651309
pi05_standard,demo_000030,26.257612091000002,5.541813857003519e-07,13161.357099879477,4.447241358,8.351549432
pi05_standard,demo_000031,22.732013209,4.907509071932702e-07,12866.907502763845,4.558829784199999,7.444888579
pi05_standard,demo_000032,26.580643135,5.558385526083697e-07,13283.551407212854,4.6839064625,7.1392214449999996
pi05_standard,demo_000033,23.891717682,5.060068985607955e-07,13115.604831531498,4.944455059300001,7.223780925
pi05_standard,demo_000034,29.812623465999998,6.401819223025687e-07,12935.825342032951,5.192599006,12.659467657
pi05_standard,demo_000035,23.610546018999997,5.120347715652802e-07,12808.66758923893,5.2601247761,9.008364225000001
pi05_standard,demo_000036,27.357138195,5.843247370054188e-07,13005.10311133651,4.7401693757,5.49421162
pi05_standard,demo_000037,22.459039979,4.831028856024556e-07,12913.648268572237,4.6867185865000005,5.460276864
pi05_standard,demo_000038,26.493806124,5.574690108492835e-07,13201.43082951297,4.6101830392,7.439357256999999
pi05_standard,demo_000039,27.042054864,5.782109711654409e-07,12991.243635858407,5.1147435064,12.013263027999999
pi05_standard,demo_000040,25.11109125,5.44154271628595e-07,12818.60961208883,5.0695586767,8.528479836999999
pi05_standard,demo_000041,24.399080599999998,5.269306357660628e-07,12862.26344319141,4.8908020582,6.762801363
pi05_standard,demo_000042,22.910871387,4.908295096986326e-07,12966.069995631153,4.972631580999999,6.077847162
pi05_standard,demo_000043,23.117078682,4.976088590069192e-07,12904.53229417213,4.7623139354,4.982240972
pi05_standard,demo_000044,27.876780743999998,6.004157519393385e-07,12896.975972134336,5.1483274929,11.329909651
pi05_standard,demo_000053,34.568814554,7.366729733417101e-07,13034.880808831833,4.467688487300001,26.668339445
pi05_standard,demo_000054,6.62712809,1.417965358897783e-07,12982.466898594228,1.8541056121000001,0.731997706
pi05_standard,demo_000055,33.338203726,7.045475017724739e-07,13144.051392729216,5.4441650908,17.233618815
pi05_standard,demo_000056,29.00929166,6.211612314836085e-07,12972.692977856674,4.6762224391,8.477077036
pi05_standard,demo_000057,29.382016117,6.261986213578045e-07,13033.674980237707,4.5114781295999995,11.015445694
pi05_standard,demo_000058,28.312236408000004,6.001621161826499e-07,13103.972204522302,4.7320300373,9.834402905000001
pi05_standard,demo_000059,28.567433249,5.958687175392118e-07,13317.355835268956,4.196413167,9.376918272
pi05_standard,demo_000060,27.443488184,5.841964896891976e-07,13049.016340280512,4.435552335600001,7.971297623
pi05_standard,demo_000061,27.912065391,5.934869964746994e-07,13064.058448015625,4.663740572599999,11.654150625
pi05_standard,demo_000062,26.954251086000003,5.661787990736955e-07,13224.249183917174,4.562045244799999,9.336244365
pi05_standard,demo_000063,27.379472459000002,5.726752313233439e-07,13280.487878653497,4.8837186408,9.721619716
pi05_standard,demo_000064,33.064121895,6.880081468463071e-07,13349.368959811056,4.741773943199999,15.700694831
pi05_standard,demo_000065,22.622988716000002,4.7462701428922054e-07,13240.211492898854,4.377391943499999,7.478267082
pi05_standard,demo_000066,27.968335209,5.836373832510773e-07,13311.312762673286,5.242533223400001,8.798912056
pi05_standard,demo_000067,26.221340835000003,5.439733495628173e-07,13389.81716446324,5.284733259099999,9.500367414
pi05_standard,demo_000068,24.933436332,5.221721974472135e-07,13263.732651852268,4.9992315372,7.333386966
pi05_standard,demo_000069,33.548198623000005,6.923866611292912e-07,13459.156833606785,5.447414948199999,16.269779606
pi05_standard,demo_000070,30.038933274,6.225139437113482e-07,13403.949577062562,5.1359396227,10.609864575
pi05_standard,demo_000071,28.33836194,5.880708783409078e-07,13385.741023828754,5.4480062689,9.957310703000001
pi05_standard,demo_000072,31.929894704999995,6.899251580190428e-07,12855.614737276846,5.3933017255,15.883070434
pi05_standard,demo_000073,22.375770218999996,4.783205202753788e-07,12994.404316449378,4.609765092100001,5.6120203559999995
pi05_standard,demo_000074,25.496959328000003,5.495332996601713e-07,12888.18485648696,4.9853212909,6.931639456999999
pi05_standard,demo_000075,27.378453346,5.879262738950222e-07,12935.50563818402,4.948003922000001,9.619712947
pi05_standard,demo_000076,24.943322564,5.367862979963735e-07,12907.741663627434,4.7872944064,7.563733546
pi05_standard,demo_000077,25.404027154,5.504751610319521e-07,12819.238128888768,5.457903741000001,9.787425167
pi05_standard,demo_000078,25.839978832,5.511154468887546e-07,13024.076787440139,4.8530527304,9.597334737
pi05_standard,demo_000079,21.81091806,4.653762769374477e-07,13018.684388565502,4.606145253699999,6.955689776
pi05_standard,demo_000080,34.173144755,7.252707232323534e-07,13088.266608498354,5.3380635707,16.641778585
pi05_standard,demo_000081,30.752423174,6.569145794614021e-07,13003.725373767915,5.6883879732,13.920047247
pi05_standard,demo_000082,23.859383086999998,5.217953253342061e-07,12701.540306898003,5.4075016114,8.87054341
pi05_standard,demo_000083,25.940359258999997,5.465161265434816e-07,13184.703754880917,5.252254121099999,8.734628525
pi05_standard,demo_000084,23.839412277,4.981525864397614e-07,13293.230647299444,5.4488556907,7.086175318
pi05_standard,demo_000085,26.054021234,5.625450131751267e-07,12865.149884141412,5.5381983524,9.947472903
pi05_standard,demo_000086,23.803779421,5.217237161163791e-07,12673.679434433543,5.4209293778,8.51392379
pi05_standard,demo_000087,27.543077624,5.792802496189423e-07,13207.516287935558,4.550172554999999,7.809695134
pi05_standard,demo_000088,26.909358202,5.633473327168093e-07,13268.580861592265,4.183368725199999,8.625118383
pi05_standard,demo_000089,26.046529619999998,5.527790329206585e-07,13088.6759771835,4.6690475016,5.462804444
pi05_standard,demo_000090,24.596647349,5.219741382272094e-07,13089.538889730753,4.4055833695999995,6.084904562
pi05_standard,demo_000091,26.917811146000002,5.59572950647088e-07,13362.2751115313,4.3504243964,7.753224178
pi05_standard,demo_000092,23.388690033000003,5.014873320233554e-07,12955.17575851872,4.312940757499999,7.288076705
pi05_standard,demo_000093,26.998288784000003,5.754880803247922e-07,13031.586131354024,4.529566728599999,9.292580229999999
pi05_standard,demo_000094,25.576725156,5.287598122718249e-07,13436.429098666049,4.6439413473,7.388455664
pi05_standard,demo_000095,26.890663722,5.646419505789798e-07,13228.961026889227,4.6850628655,10.424205311
pi05_standard,demo_000096,28.016097309000003,5.776152273874577e-07,13473.064088848147,4.567283035,9.835183799
pi05_standard,demo_000097,32.172843901,6.539051233826241e-07,13666.964399117764,5.105226139,12.112521846
pi05_standard,demo_000098,34.706837568999994,7.284718463551203e-07,13234.25822696423,4.997049315899999,15.262218588
pi05_standard,demo_000099,26.029230291999998,5.504954606994683e-07,13134.240508552446,5.1038903928,7.573211992
smolvla_standard,demo_000000,26.176767271000003,5.533479999694643e-07,13140.594932141545,4.363402815,8.085718136
smolvla_standard,demo_000001,23.991598005000004,5.234880350505952e-07,12730.626822842965,4.7162153134,7.294448162
smolvla_standard,demo_000002,27.242429552999997,5.701793222776483e-07,13271.858595570005,4.5154323891,9.245558598999999
smolvla_standard,demo_000003,29.406164195,6.169754052900197e-07,13239.387449036823,5.666262603100001,9.680657499999999
smolvla_standard,demo_000005,28.403191885,6.010158790004983e-07,13127.395165789785,5.5801335935,10.667064285
smolvla_standard,demo_000006,27.833591227,5.768828180093509e-07,13402.290088691101,4.4486896552,9.063766661
smolvla_standard,demo_000007,25.203067908,5.279955088125732e-07,13259.299151266885,4.8202611031,7.522413309999999
smolvla_standard,demo_000008,25.189394845,5.362994075749898e-07,13046.91385119643,4.415959216600001,9.712654195
smolvla_standard,demo_000009,30.287985537999997,6.289141759363904e-07,13377.543462490226,5.6858361747999995,9.339714698
smolvla_standard,demo_000010,29.110953663000004,6.298842484535563e-07,12837.872057967394,4.7011399417,9.729531319
smolvla_standard,demo_000011,27.617242192,5.879846541444525e-07,13047.030535051372,5.5277656331,11.053935867
smolvla_standard,demo_000012,27.346261905,5.551065139083077e-07,13684.187714122276,4.3985758135,7.600376356
smolvla_standard,demo_000013,25.660181743,5.525811445797202e-07,12899.14857819366,4.7473501747,7.422936589
smolvla_standard,demo_000014,27.760871512,5.889152362067477e-07,13094.160849812219,4.6546943803000005,9.127310275
smolvla_standard,demo_000015,25.961077716000002,5.331403211160024e-07,13526.286150257762,5.382284963000001,8.698380945
smolvla_standard,demo_000017,26.156984046999998,5.645321423334927e-07,12870.52801032211,5.3846950974,9.741546572
smolvla_standard,demo_000018,29.678837772,6.110520335574609e-07,13491.68084066724,4.6827250553,9.403848922
smolvla_standard,demo_000019,26.670739494,5.610820444882085e-07,13204.01643816062,5.1904594931000005,8.640066573
smolvla_standard,demo_000020,27.159216565999998,5.715842856887241e-07,13198.796306624676,4.5278407745,11.511997312000002
smolvla_standard,demo_000021,34.766951343,7.327430476763826e-07,13179.904134016155,6.842837615299999,9.178351675
smolvla_standard,demo_000023,28.552948096,5.986474208048929e-07,13248.820033572514,5.542501178399999,10.311478731000001
smolvla_standard,demo_000024,26.994430170999998,5.6438954297208e-07,13285.94903408763,4.3128662997000005,7.216807395
smolvla_standard,demo_000025,27.134577690999997,5.763779937031884e-07,13077.147974796413,5.355051866,9.929860451
smolvla_standard,demo_000026,27.624193382999998,5.979296255766655e-07,12833.256808148813,4.6092489619000006,8.003058508999999
smolvla_standard,demo_000027,26.830092727,5.760680110606388e-07,12937.363764001737,5.0686736351,8.807362786999999
smolvla_standard,demo_000029,26.407479408999997,5.585490692297939e-07,13132.970955347719,5.499674484700001,10.59250656
smolvla_standard,demo_000030,29.879031284,6.293669597541923e-07,13187.422902695615,4.952464891099999,9.976236352
smolvla_standard,demo_000031,25.983051121,5.471588777137983e-07,13190.889295608693,5.0121127336999995,8.016287752
smolvla_standard,demo_000032,26.214380578,5.594956653760312e-07,13014.882298392664,4.427359855300001,9.133276155
smolvla_standard,demo_000033,27.240299083,5.837421110136082e-07,12962.483842651125,5.080049482300001,7.802678198000001
smolvla_standard,demo_000034,29.018477773,6.035312507760379e-07,13355.871314094084,4.375262502399998,10.544410989000001
smolvla_standard,demo_000035,28.866250872,6.089613232848665e-07,13167.339565234306,4.9976731298,9.77353572
smolvla_standard,demo_000036,27.971044585999998,5.914645042218849e-07,13136.43020018273,4.727109915900001,8.989982416
smolvla_standard,demo_000037,26.757046742000004,5.595282197183053e-07,13283.531736741888,5.1167510991,9.385944348
smolvla_standard,demo_000038,27.708189060000002,5.789497747570713e-07,13294.274028698632,4.512005343799999,8.297346241
smolvla_standard,demo_000039,29.222516506,6.133220307973091e-07,13235.075137733136,4.8675756166,8.668453358
smolvla_standard,demo_000040,26.486987535999997,5.620697318531428e-07,13090.002917636408,5.0971182237,8.899888745
smolvla_standard,demo_000041,27.316356451,5.90499062737744e-07,12849.934871549827,5.031171334,9.870897638
smolvla_standard,demo_000042,29.814789605,6.309493808854148e-07,13126.066072277623,5.0177987826,11.262639447
smolvla_standard,demo_000043,26.168503016000003,5.68572545281539e-07,12784.694948936993,4.971722796099999,7.314496656999999
smolvla_standard,demo_000044,27.260769546,5.911136662836492e-07,12810.452813229598,4.932020681800001,10.369281659
smolvla_standard,demo_000045,28.460673144999998,6.047452151853018e-07,13072.844414559242,5.0774601681,10.143863262
smolvla_standard,demo_000046,26.387504255000003,5.644842828874822e-07,12985.056252969513,5.0330016848,9.356212511
smolvla_standard,demo_000047,27.017746177,5.762891541703719e-07,13022.850095517348,5.114970015,9.607917060999998
smolvla_standard,demo_000048,33.413528735999996,7.09979818611845e-07,13072.952160000064,5.626912923899999,14.920232411999999
smolvla_standard,demo_000049,28.224981349,6.008823948091322e-07,13047.927890195737,5.55183408,11.426670536000001
smolvla_standard,demo_000050,27.452088414000002,5.875789623241891e-07,12977.962545312039,5.2928820573,10.658131276
smolvla_standard,demo_000051,27.950309023,5.894032797941109e-07,13172.597837355286,5.237641680000001,11.133462873
smolvla_standard,demo_000052,30.706474273,6.433687415740891e-07,13257.674597750325,5.4376869722,9.475998161
smolvla_standard,demo_000053,31.647129688,6.72369254177269e-07,13074.461920342512,5.510604960399999,14.206867666
smolvla_standard,demo_000054,34.854383991999995,7.369662304432047e-07,13137.331013368957,4.924970076399999,21.957279598
smolvla_standard,demo_000055,28.621948736999997,6.021079839357778e-07,13204.506454735565,6.387345912699999,12.230519660999999
smolvla_standard,demo_000056,26.428937588,5.641155025293248e-07,13013.947112653754,5.3136746737,9.387859127
smolvla_standard,demo_000057,23.761398825,5.065012287199743e-07,13031.334301188166,5.085985613799999,7.763741147999999
smolvla_standard,demo_000058,27.215158260000003,5.828170976454914e-07,12971.074357607029,4.998434062,9.576534308
smolvla_standard,demo_000059,28.534321615,5.910659921550872e-07,13410.005352169337,5.605048333699999,10.514548927
smolvla_standard,demo_000060,25.686080518,5.555110259611918e-07,12844.06565533636,5.515606147700001,9.829749358
smolvla_standard,demo_000061,27.279064133000002,5.660836691643042e-07,13385.8575520403,5.7524354096,11.172267659000001
smolvla_standard,demo_000062,25.821808050999998,5.484726940095062e-07,13077.628918347476,5.3657128938,7.757325952
smolvla_standard,demo_000063,27.482845354,5.978081093318733e-07,12770.186813884704,5.5708706244,11.263902835
smolvla_standard,demo_000064,24.738196031,5.133268513311101e-07,13386.635110010297,5.3783048993,10.523175528
smolvla_standard,demo_000065,27.171261313,5.74785075548894e-07,13131.11723777762,5.753220808000001,10.41560151
smolvla_standard,demo_000066,28.358567789,6.050866368670608e-07,13018.594289673218,5.818254035300001,9.527678212
smolvla_standard,demo_000067,26.563856135,5.707288361202574e-07,12928.813154742777,5.705010851199999,10.621259791
smolvla_standard,demo_000068,28.89114782,6.315719061435702e-07,12706.892192427355,5.5092739179,10.378179401
smolvla_standard,demo_000069,28.576329111,6.008034770179988e-07,13212.085279361767,5.5510094981,9.170794299
smolvla_standard,demo_000070,27.535897112999997,5.959202696496785e-07,12835.371421396478,4.598233191499999,7.82708359
smolvla_standard,demo_000071,27.092161941,5.827915743891291e-07,12913.019527212522,4.6038783059,6.100712485
smolvla_standard,demo_000072,34.628674064,7.596863214383143e-07,12661.90175455325,4.6520644594,14.123429718
smolvla_standard,demo_000073,34.713758291,7.330079198521462e-07,13154.983092224706,3.5946869858,31.350184893999998
smolvla_standard,demo_000074,31.789325847999997,6.860133463441836e-07,12872.002012724683,4.513484908700001,11.705795956
smolvla_standard,demo_000075,34.128147389999995,7.271733802450994e-07,13036.832232937631,5.1747815935000006,13.073586026
smolvla_standard,demo_000076,29.555291489000002,6.137258805439067e-07,13376.98292090971,5.0435744868,10.292982753
smolvla_standard,demo_000077,31.890913352,6.575436584005964e-07,13472.237036128936,4.512460140099999,12.853857562
smolvla_standard,demo_000078,29.632179567999998,6.296666652369112e-07,13072.247176406388,4.5947948556,9.874463159
smolvla_standard,demo_000079,27.949963932,5.851667696094909e-07,13267.8026357562,4.5000451345000005,7.209375742
smolvla_standard,demo_000080,25.403257216,5.377494787405969e-07,13122.204024265882,4.4656375850000005,9.361329871999999
smolvla_standard,demo_000081,27.066907614,5.776921224808639e-07,13014.86201328234,4.6557522186,8.888791991
smolvla_standard,demo_000082,27.994843254,5.873027043973247e-07,13240.775098412196,4.670255750600001,10.745889420000001
smolvla_standard,demo_000083,25.687134894,5.330099806819312e-07,13386.828804012925,4.498189465099999,7.291852184
smolvla_standard,demo_000084,30.367170472,6.407343605671481e-07,13165.084980695117,4.5794700977,9.91235721
smolvla_standard,demo_000085,29.726214827,6.404070720991881e-07,12893.797660045311,5.0886138083,9.302495109
smolvla_standard,demo_000086,27.690958259000002,5.914404955482395e-07,13005.416876440313,5.331097263299999,10.993131233
smolvla_standard,demo_000087,25.995704197000002,5.36188740283963e-07,13467.323037204422,4.585172772200001,9.189652329
smolvla_standard,demo_000088,28.437838481,5.955293092355765e-07,13264.49756494685,4.5175268106,11.481479856
smolvla_standard,demo_000089,28.300957872,6.004656423986806e-07,13092.130954803857,4.3819254405,8.190633333000001
smolvla_standard,demo_000090,29.47837499,6.153726462476445e-07,13306.465678191415,5.413443894299999,8.043173121999999
smolvla_standard,demo_000091,28.436252892,5.859776368432142e-07,13479.96229123064,5.2941229723,9.285363448
smolvla_standard,demo_000092,30.452299757999995,6.41312035323301e-07,13190.09916003356,5.705792699,10.568450752
smolvla_standard,demo_000093,31.556438068,6.502393114289066e-07,13480.689567450525,5.2320474839,9.79756203
smolvla_standard,demo_000094,29.652772169,6.1101479401881e-07,13480.653286376575,5.1609943208,9.713857149999999
smolvla_standard,demo_000095,36.210947266,7.562945189765136e-07,13299.835245775392,5.6003410863,14.844795211
smolvla_standard,demo_000096,28.931470915,5.991582304349192e-07,13413.013137739132,5.3490269465999996,9.573681182
smolvla_standard,demo_000097,30.588095132,6.244654817991912e-07,13606.339149845087,5.1469839886,13.269493060999999
smolvla_standard,demo_000098,36.202272916000005,7.485892509165675e-07,13433.512332580625,5.2781492021,13.439546623
smolvla_standard,demo_000099,33.539283860999994,6.861566444809065e-07,13577.751515283922,5.432366161599999,10.021437868
act_new_colors,demo_000000,30.766805458,6.57244634064084e-07,13003.273922795413,4.9353315132902935,10.700847832
act_new_colors,demo_000002,27.864566863,6.060661278745402e-07,12771.140639275825,4.995250667558139,8.755934677
act_new_colors,demo_000004,30.600585894,6.467990133868627e-07,13141.88705504175,5.444351935264422,11.697618141000001
act_new_colors,demo_000005,27.775868165,6.08305926537299e-07,12683.613436018719,5.0306678895431105,9.037529556
act_new_colors,demo_000006,31.496799091,6.722981944989833e-07,13013.731137087629,5.20056433416903,10.470692714
act_new_colors,demo_000007,30.816495329,6.517055230307809e-07,13134.97323355283,5.40325235054479,11.189796524999998
act_new_colors,demo_000008,28.28431941,6.166500235180074e-07,12741.025414406822,4.901600761455484,9.125854544
act_new_colors,demo_000010,32.192850146,6.908182653964446e-07,12944.729101826151,5.381235810986254,10.59940703
act_new_colors,demo_000011,31.956220296,6.554351584074407e-07,13543.252007878451,5.509494800760876,12.967109904000003
act_new_colors,demo_000012,32.509523942,7.052424893875631e-07,12804.702446952171,5.2960478097666055,11.256061229
act_new_colors,demo_000013,28.595605215,6.159511182172364e-07,12895.862830199676,4.896141089266166,10.572094475
act_new_colors,demo_000014,30.746359095,6.576706973077387e-07,12986.214121712363,5.188560960203404,9.699819504
act_new_colors,demo_000015,29.328203028,6.191312085820658e-07,13158.309993431534,5.152273251209408,10.825459908000001
act_new_colors,demo_000016,29.100270621,6.341266742972018e-07,12747.304547850608,4.7135844268486835,10.207383938999998
act_new_colors,demo_000017,32.02188454,6.851442500870782e-07,12982.614128615889,5.174393541412428,10.377239405000001
act_new_colors,demo_000018,29.072652605,6.049964096491961e-07,13348.400096549802,5.096909455722198,10.893511752
act_new_colors,demo_000019,33.017954409,7.075434354943444e-07,12962.668065502605,4.8806533706665505,12.452805038
pi05_new_colors,demo_000000,26.744844438999962,5.737770700120419e-07,12947.748648486056,4.4484303367789835,7.720785839999962
pi05_new_colors,demo_000001,30.59767861299997,6.420621090098892e-07,13237.585912647266,5.33894306444563,13.021641316
pi05_new_colors,demo_000002,27.331421772,5.645131733445197e-07,13448.861588173519,4.901284761494026,6.070218215999944
pi05_new_colors,demo_000003,25.101839246000054,5.215186038747337e-07,13370.05298565985,4.312232297845185,6.755927038000095
pi05_new_colors,demo_000004,26.71724506299995,5.778470259794273e-07,12843.285611112358,5.352657699491829,11.202985676000026
pi05_new_colors,demo_000005,25.570088083999963,5.461266160218108e-07,13005.775344963522,4.660204395535402,6.26340424600005
pi05_new_colors,demo_000006,27.123954128999912,5.713521267662328e-07,13187.015987957431,4.696864531375468,7.089552829999889
pi05_new_colors,demo_000007,28.722903561999942,6.09933966899782e-07,13081.058415741061,5.246953168418258,9.546818551000001
pi05_new_colors,demo_000008,24.3711080139999,5.082241441673423e-07,13320.403259940944,4.4875190273160115,6.163993355999992
pi05_new_colors,demo_000009,24.757787245000145,5.25082131729161e-07,13097.305861507863,4.899988163611852,7.688120354000148
pi05_new_colors,demo_000010,25.37806614400006,5.290677741637973e-07,13324.30607470765,4.589127275859937,8.023991384000283
pi05_new_colors,demo_000011,27.11457400600011,5.851719292358183e-07,12871.129897746958,5.183187457034364,9.028428003000272
pi05_new_colors,demo_000012,24.703268813999784,5.154067474234415e-07,13313.7903912699,4.545365994097665,6.811696880999762
pi05_new_colors,demo_000013,27.078841908999948,5.673354863778593e-07,13258.289506283047,5.526824830449186,7.835600233999912
pi05_new_colors,demo_000014,31.107312298999886,6.567039774513821e-07,13158.009545802133,5.518187244888395,12.817945023999755
pi05_new_colors,demo_000015,24.31456980200005,5.179690046460558e-07,13039.47797575751,4.706103587755933,6.327323940000042
pi05_new_colors,demo_000016,27.434493793,5.677006601631499e-07,13423.782681641775,5.030640545999631,7.068173235000131
pi05_new_colors,demo_000017,26.253941397000062,5.608304546576416e-07,13003.501079514384,5.754267493379302,9.203745000000026
pi05_new_colors,demo_000018,24.42093517400008,5.122459431924195e-07,13242.840661228802,4.50981605425477,6.87927569500016
pi05_new_colors,demo_000019,27.120330077000062,5.790417618509512e-07,13010.154626694439,4.980383756337687,8.86241291799979
smolvla_new_colors,demo_000000,27.85511699200015,5.870215517564758e-07,13180.998388851247,4.559340222825995,10.714712096000085
smolvla_new_colors,demo_000002,29.74111460400013,6.195505617990945e-07,13334.53401819897,5.140016199788079,9.946724555000173
smolvla_new_colors,demo_000003,30.678171210000073,6.518863775270911e-07,13072.387378700168,4.698611123953015,11.134168692999992
smolvla_new_colors,demo_000006,30.26804818400001,6.419151320691041e-07,13097.975109185369,5.215380530193215,11.638749666999956
smolvla_new_colors,demo_000008,29.783020144000147,6.259376166763635e-07,13217.064953513158,4.716089110239409,11.3039764680002
smolvla_new_colors,demo_000009,27.89063496799963,5.894391822437228e-07,13143.673534046296,4.513102389202686,10.855269304999638
smolvla_new_colors,demo_000010,26.982986498999708,5.764599773367684e-07,13002.241520682352,4.851575661334209,9.080127064999488
smolvla_new_colors,demo_000011,28.030394258000342,5.825350522029206e-07,13366.094163670956,5.728340977002517,10.182634033999875
smolvla_new_colors,demo_000012,27.559394748999694,5.742345067183851e-07,13331.460899981786,4.472911662411207,10.053169637999417
smolvla_new_colors,demo_000013,27.39590389599971,5.922065899715035e-07,12850.196349577007,5.0255331780645065,8.220156545999998
smolvla_new_colors,demo_000014,27.26907995900001,5.666647270678487e-07,13367.23796452334,5.093641614308581,9.015542040999662
smolvla_new_colors,demo_000015,27.987288529000125,5.905918070128295e-07,13163.481880219228,4.992827200243482,8.089952947999791
smolvla_new_colors,demo_000016,31.269774453000082,6.549125388805842e-07,13262.909008803477,4.6338388725416735,11.40502670900014
smolvla_new_colors,demo_000017,26.880435638000108,5.731377047304372e-07,13027.907961613017,6.17773925489746,9.538535610000054
smolvla_new_colors,demo_000018,29.994390247999945,6.353765021748814e-07,13113.126560495471,4.64628703892231,10.651589252000122
smolvla_new_colors,demo_000019,27.829529626000294,5.864056246975831e-07,13182.722324835422,4.490189878153615,9.196466768999926
pi05_switched_boxes,demo_000000,26.20527673700053,5.523399327623052e-07,13178.915805381379,4.957685153523926,9.701231393999478
pi05_switched_boxes,demo_000001,27.396050825000202,5.792928014297792e-07,13136.72787339007,5.290514433407225,8.785383272999752
pi05_switched_boxes,demo_000002,23.055350469001496,4.827926099809677e-07,13265.039538695339,4.66329220951593,5.613084001000971
pi05_switched_boxes,demo_000003,25.928321919000155,5.50455052712733e-07,13084.282611038676,5.251527455751784,7.041616149999754
pi05_switched_boxes,demo_000004,27.522350671000822,5.741566424749967e-07,13315.34738579804,5.187933905981481,10.752456682999764
pi05_switched_boxes,demo_000005,26.386512184999447,5.540736391820147e-07,13228.538877343659,5.172257161757443,10.063908628999343
pi05_switched_boxes,demo_000007,25.43817739699989,5.395579723795302e-07,13096.198827599494,4.8366708437679335,6.997411539998211
pi05_switched_boxes,demo_000008,28.023183326000435,5.86905863741231e-07,13263.14133148211,5.3901515691541135,9.035318944999744
pi05_switched_boxes,demo_000009,28.805212569001014,6.13688945956398e-07,13038.275784282565,5.351619787805248,7.4258067600003415
pi05_switched_boxes,demo_000010,22.48504660099934,4.689978557695516e-07,13317.427121149005,4.752980790857691,7.030496876999678
pi05_switched_boxes,demo_000011,24.4357362869996,5.258981650832092e-07,12906.876434423992,5.43778156011831,9.303238150998368
pi05_switched_boxes,demo_000012,23.05901070999971,4.750788836780568e-07,13482.559390096749,4.7988360351882875,5.917062384000019
pi05_switched_boxes,demo_000013,26.4894948759993,5.507962678168329e-07,13359.188064053567,4.88553657673765,8.422612186999686
pi05_switched_boxes,demo_000014,25.261696600000505,5.382854527163693e-07,13036.086832859362,5.209766316926107,11.08825347200036
pi05_switched_boxes,demo_000015,24.800645213999815,5.340322509264754e-07,12900.094051470023,4.747939441120252,5.811844402998759
pi05_switched_boxes,demo_000016,24.449910711000484,5.165063152425738e-07,13149.190680514694,4.7911953701404855,7.055865022000944
pi05_switched_boxes,demo_000017,28.749409767000543,6.022890516921173e-07,13259.322194647662,5.490204013534822,12.004868134999924
pi05_switched_boxes,demo_000018,23.2461622990013,4.850505782124346e-07,13312.56143126774,5.387409999908414,8.816934229000253
pi05_switched_boxes,demo_000019,26.808903773000566,5.728471100522532e-07,12999.830769905606,5.070350546389818,8.617585067999244
smolvla_switched_boxes,demo_000000,25.822211976999824,5.465810247624484e-07,13123.094815223141,4.582227398088435,8.041931028001272
smolvla_switched_boxes,demo_000002,28.627566152001236,5.985399573972196e-07,13285.828471590332,5.018705437592871,9.606168164000337
smolvla_switched_boxes,demo_000003,25.940859942000316,5.599394167310805e-07,12868.87845671911,4.492010485351784,8.336959349000608
smolvla_switched_boxes,demo_000004,28.913247542001045,6.067833612389079e-07,13236.11636718265,5.084494595066644,9.778585979998752
smolvla_switched_boxes,demo_000005,26.24445317500067,5.505602041598895e-07,13241.283645872993,4.4901134619431105,8.73132728100245
smolvla_switched_boxes,demo_000006,24.314175472998613,5.188247868368471e-07,13017.758516848207,4.351042258786038,8.54570484299984
smolvla_switched_boxes,demo_000008,31.191100697000365,6.540137797201579e-07,13247.720347427236,4.891714587414754,11.299657527000818
smolvla_switched_boxes,demo_000009,25.943225811999582,5.54236482997177e-07,13002.481441824799,4.833265840949025,7.462589206999837
smolvla_switched_boxes,demo_000010,26.67979459599883,5.676958437077699e-07,13054.617267286609,4.854914619587362,7.997670217999257
smolvla_switched_boxes,demo_000011,29.30315603300187,6.239600133533061e-07,13045.32778940581,5.383575603365898,10.118019930996525
smolvla_switched_boxes,demo_000012,24.54510660100277,5.176309912835226e-07,13171.706339489998,4.728890145896003,7.158085694001784
smolvla_switched_boxes,demo_000013,30.2381122279985,6.238183429094115e-07,13464.613458512376,5.040594542166218,10.926653769995028
smolvla_switched_boxes,demo_000014,27.288330662999215,5.709413723309806e-07,13276.476173424266,5.289132098900154,9.005939298996964
smolvla_switched_boxes,demo_000015,29.259864413998002,6.332450965926144e-07,12835.057825402017,5.423462332691997,9.85803756599853
smolvla_switched_boxes,demo_000016,29.136377958002413,6.165204229133622e-07,13127.603606463652,4.829750136472285,11.592088548000902
smolvla_switched_boxes,demo_000017,30.918545420001465,6.364788354798337e-07,13493.743254467729,5.217818314675242,9.391566639002122
smolvla_switched_boxes,demo_000018,28.92069652400096,6.090039581303658e-07,13191.251399940616,5.471110098296776,9.640914400995825
smolvla_switched_boxes,demo_000019,25.766520755001693,5.446371719155963e-07,13141.528382065102,4.858516362379305,8.164042413998686
