trial,x_plan,y_plan,z_plan,x_real,y_real,z_real
0,0.5058481384380102,-0.3973487178597018,0.015,0.5018347237376013,-0.3869178541564134,0.014474795575832538
1,0.3476211875045845,0.03670366795722735,0.015,0.35120876999666467,0.04063604447523926,0.014892294464012551
2,0.4436596277621022,-0.29671856907430416,0.015,0.43314340826911213,-0.3022595744731438,0.014892294457358542
3,0.4563549068989204,-0.25842536849157416,0.015,0.4607885538517345,-0.24823862514929382,0.014892294457640938
4,0.39861142072522765,-0.34236684160170705,0.015,0.39959618882901776,-0.3312674548116627,0.014892294463870154
5,0.38533315621043923,-0.3767088431538569,0.015,0.38669792674122316,-0.37322039488019226,0.014892294458433663
6,0.4639203869860154,0.3906905324814911,0.015,0.4592088130532601,0.39548831570807885,0.014701063971344422
7,0.4587736746144847,0.06317258630337497,0.015,0.45558120968831095,0.06595662808204611,0.014892294454562431
8,0.48543282907076846,0.10547849927316455,0.015,0.4820139688843021,0.11278457333410885,0.014892294462617587
9,0.42397776669675885,0.4961559971191912,0.015,0.4257795547300755,0.49704664121108505,0.014904857992678175
10,0.4246894878445535,-0.15777021814468462,0.015,0.42244160762158306,-0.14996286108936877,0.014892294459416141
11,0.30349036783191147,-0.16111505321413033,0.015,0.30912422095579606,-0.1537555224505864,0.014892256772985075
12,0.3706262355834334,0.05015797107875375,0.015,0.38919234204611064,0.04986396063646661,0.005904795693426685
13,0.41608791000042766,0.4305255342626051,0.015,0.41847403091377217,0.4300011230011174,0.014892291338332685
14,0.3313097655104655,-0.21101925332579452,0.015,0.3288218898078911,-0.20415987827282372,0.014892294457169818
15,0.4066042143540946,-0.28918034444513396,0.015,0.3934945488976914,-0.2479096084042194,0.0014901056692004629
16,0.5360343655986146,-0.09114711550748911,0.015,0.5616454390560592,-0.08239080692250447,0.01489229446223264
17,0.4633431787088532,0.18159328894153393,0.015,0.4635700963510075,0.18358123139187807,0.01489224859580144
18,0.37550729685831624,0.050514867657562856,0.015,0.46010638617032257,-0.450675475525,0.014892294463871431
19,0.4414773252319618,0.20530173272192997,0.015,0.43648911587165096,0.206025709909197,0.014892294457911737
20,0.4187120401289086,0.43958291939781957,0.015,0.4135806801431919,0.4329440627550881,0.014905116360700089
21,0.40399841469937947,0.3775965238862402,0.015,0.3821596525217568,-0.475297877251414,0.014892255295829692
22,0.38616087247061104,0.4653094386056028,0.015,0.385201642276757,0.46597530455726516,0.014892294438179365
23,0.4884079758701615,0.4713631261085035,0.015,0.4912401766988857,0.47332305425636007,0.014859219338437769
24,0.3086660346303926,-0.20636747519708554,0.015,0.30934270804261094,-0.1946230063643061,0.014892287363142851
25,0.4315616745805675,0.3975114182149012,0.015,0.43644865904885777,0.3925894560730458,0.014892294457785567
26,0.5211945111248897,-0.28606991709038565,0.015,0.517294798428783,-0.27292442647416015,0.014892294461211984
27,0.4863264851425736,-0.4005595272138983,0.015,0.4919560154059568,-0.38795755417313665,0.014617564159410871
28,0.37878003728250637,-0.35485171817784467,0.015,0.3783512695896122,-0.35163853408105306,0.014892294457570137
29,0.3383589044195084,-0.15603480015464122,0.015,0.3456866413046076,-0.14073200168204764,0.014892294457410407
30,0.4740025799294767,-0.4580489883203527,0.015,0.024961071329320676,0.24321432282920935,0.014892294457515982
31,0.5375036588167474,0.11210189163871132,0.015,0.5410325851082868,0.11818039126828854,0.014892294457214081
32,0.36311023747113036,0.311287780231987,0.015,0.48919217997692976,-0.4061340981959842,0.014892294463740727
33,0.411198603901672,-0.12234922560637418,0.015,0.4151021417522329,-0.1177493139290262,0.014892250419274514
34,0.45064629019915853,-0.41378363108584515,0.015,0.4484215350850433,-0.409186458090298,0.014666460669457076
35,0.5461030958443058,0.10241017016822662,0.015,0.5434190012830511,0.10963572802982166,0.014892294457816082
36,0.5097546460338289,0.36444720109490414,0.015,0.5073273891007273,0.3651478675124556,0.014873288143774529
37,0.4398718786313299,0.25554227353887204,0.015,0.4429505802289924,0.26303239179706656,0.014892294460961153
38,0.4466613214326258,-0.11035313572882166,0.015,0.4488610520213332,-0.104765999956565,0.014892294458402799
39,0.42187425757973396,0.08479240375384123,0.015,0.4257922655729278,0.08887775409528452,0.014892294464051294
40,0.5089396229330355,0.40586154945424313,0.015,0.5106751851482677,0.4067925406520059,0.014759286549607105
41,0.37678650522404383,0.0221148066613317,0.015,0.37273538799218436,0.018534482882272097,0.01489229446277405
42,0.34171381655346683,-0.20345809444769503,0.015,0.34586379616841084,-0.19869556329038454,0.014892294461067601
43,0.33016365141032417,0.2975047573969464,0.015,0.3280780997870831,0.2956757826217412,0.01489229442772125
44,0.42670368936557296,0.3085022367844602,0.015,0.4240505773064132,0.29931368532276675,0.014892294459472976
45,0.3209612544375289,-0.21302225369886296,0.015,0.32575625250319973,-0.20559855809914923,0.0148922944615681
46,0.4729684691861813,0.21908791208425382,0.015,0.4772966559814754,0.22504691095301188,0.014892294460508658
47,0.34368819074287454,0.08270958152097052,0.015,0.34209620570294497,0.09311640283485706,0.014892294457666976
48,0.48763139254198284,0.03719872331323648,0.015,0.48933074420999656,0.049751082228870265,0.014892294457509997
49,0.49334282517760386,0.1002671356138598,0.015,0.49961003699912127,0.09935737332980649,0.01489229446377324
50,0.41494230154192935,0.22520212504561887,0.015,0.412576645814268,0.2292683454622292,0.014892294457585237
51,0.5308923345798221,0.31377383566532746,0.015,0.5295099526786357,0.32315640281539626,0.014646339256959738
52,0.47325258052108254,-0.026815568514380717,0.015,0.4774304316110058,-0.022479090716495332,0.014892287298601101
53,0.3803897601618021,0.18615816836653254,0.015,0.41613295103295034,0.17803821858867022,0.014892294464100907
54,0.32610658867585474,-0.10902160182895937,0.015,0.32919167719632403,-0.10873051832048691,0.014892294462515448
55,0.46392332170076334,0.007232463292119795,0.015,0.462872833955497,0.007533092292243785,0.014892294457527025
56,0.4603187557911801,0.3066035944990285,0.015,0.4616186974122989,0.3069505218263876,0.014892294457240565
57,0.4133241511140012,-0.16023221286432032,0.015,0.4122467817261042,-0.15787551645041437,0.01489226602758827
58,0.33810064558436537,0.4176461704302521,0.015,0.3345029773720489,0.4138360248377884,0.01489229446383379
59,0.3138234685573794,-0.30830297414178365,0.015,0.30910061702701747,-0.3123296593194065,0.014892294462399478
60,0.31744201277345035,0.2999343951747332,0.015,0.3223779547415197,0.31160251022377905,0.014892294457161044
61,0.41222722970293724,0.3627395748136225,0.015,0.41463606748914705,0.3649311686664538,0.014892294457233673
62,0.3473626320194044,-0.3670287084288528,0.015,0.3525701201846081,-0.35375867616722295,0.01489229445912948
63,0.4597381496044668,0.01050124503612071,0.015,0.49458644011727076,0.006590009121872013,0.014892294457523728
64,0.42421010263444403,-0.07318716757175148,0.015,0.4237665138288662,-0.06935361144059642,0.014892294365425482
65,0.49184527047024956,0.1677854433123782,0.015,0.488191188397471,0.17159025237846715,0.01489229445759859
66,0.3065120995192847,-0.19107376433970502,0.015,0.31796830775745505,-0.1905490602025664,0.014892294447466758
67,0.5351322836509124,0.27780159587066766,0.015,0.541387297034494,0.2790751780899718,0.014876891399917776
68,0.5485709234813528,0.17974756762015853,0.015,0.5490434482371083,0.18246247906373247,0.014892294459172388
69,0.44574031904506617,-0.012168097519836829,0.015,0.44285696748996634,-0.009125871249882725,0.014892294457127987
70,0.37238407125775985,0.19087878786732726,0.015,0.3851448839233524,0.19720735876799939,0.014892294457396094
71,0.5185702563890254,0.1181776305890826,0.015,0.5252716671701251,0.12467956848558469,0.014892294457210853
72,0.5277688921997727,-0.20356649131093862,0.015,0.5234591247670067,-0.186380159273225,0.014892294457192722
73,0.42089556335344636,-0.38049340290505806,0.015,0.41724992962180485,-0.36225412392629985,0.014892294463703716
74,0.44875125255660797,-0.06764752534421903,0.015,0.461177190681149,-0.06575834343655108,0.01489229445712611
75,0.4053137509456812,-0.48482122165024644,0.015,0.46059379792423716,-0.43945986735035575,0.014892294457245082
76,0.4547243622885908,0.31550837743952453,0.015,0.45717640147353283,0.32181084917853275,0.014892291706540219
77,0.3363325177569249,-0.01957901919412386,0.015,0.345557119959475,-0.017570612900061868,0.014892270356551359
78,0.5343346251291384,-0.19808280950450174,0.015,0.5304418377158008,-0.18698410770344542,0.014892244827281846
79,0.3328738170937546,-0.22724692609661257,0.015,0.33820712384833806,-0.22547747641310883,0.014892290948896455
80,0.33145435070823287,-0.2032396143540951,0.015,0.33811211184444273,-0.18979399696189303,0.014892246457821777
81,0.4333725452735797,-0.11988549566209683,0.015,0.430227969643085,-0.11827760376282119,0.01489229446329094
82,0.3899750330077422,-0.4105295473602243,0.015,0.38681137717015723,-0.405915031084281,0.01489229446356982
83,0.4798314346917677,0.005359301708325215,0.015,0.47664601872119994,0.013022824266886324,0.01489229445834545
84,0.39190878317090116,-0.4206990011351728,0.015,0.3960182386713686,-0.41442636457649873,0.014892294458864868
85,0.4177428362332172,-0.23970492730997628,0.015,0.41786308987059967,-0.22921837353018074,0.0148922944583038
86,0.3477603787560479,0.3572525613265042,0.015,0.35111488739595303,0.35973856210610916,0.01489229445636644
87,0.5489757902987387,-0.2933303330508116,0.015,0.5475542904474712,-0.280778741705341,0.014695195163410637
88,0.3811046662133099,0.08505054302647364,0.015,0.3839063082736063,0.0866158400075094,0.01489229410728797
89,0.4010833298332804,-0.19876398000359186,0.015,0.40663734979547816,-0.1878080948935964,0.014892294457272085
90,0.312608614132107,0.3586500744811195,0.015,0.33256814680574276,0.3592408256315531,0.005772128169733685
91,0.37614359421580884,0.3681337324534776,0.015,0.37930799467181037,0.3653260054831341,0.014892294447722419
92,0.5467709909127814,0.3967516490272238,0.015,0.5452859050324754,0.3978818363016381,0.014892294454392926
93,0.34566746962134715,0.24611835872564847,0.015,0.37675181752916054,0.24333831133549066,0.01731882349418467
94,0.5440691266850903,0.2251956382350676,0.015,0.5435743267715633,0.22908106537558992,0.014892292828964942
95,0.3208072764026041,-0.10902597813169146,0.015,0.322217849231396,-0.10445018760826184,0.014892267315680684
96,0.5136297483923584,0.35151709289976096,0.015,0.5174739228720905,0.3549720101716077,0.014840597931655595
97,0.4498866593399047,-0.3075230372551957,0.015,0.47714775837621076,-0.22976661419979058,0.014892294317361584
98,0.46471639180308044,0.12419190902777255,0.015,0.5123511807766432,0.4597718470231019,0.014892294463847008
99,0.35928016377154565,-0.27743868006326444,0.015,0.36258658429037716,-0.27085630251254805,0.014892281550281578
